{
  "params": {
    "drop_window": 100,
    "min_drop_pct": 13.5,
    "rise_window": 90,
    "min_up_bars_ratio": 0.3,
    "min_rise_pct": 3.5,
    "atr_trailing_mult": 3.0,
    "atr_fixed_mult": 2.8,
    "daily_ema_period": 7
  },
  "metrics": {
    "optimizer_score": 14649.560978090292,
    "final_value": 14649.560978090292,
    "total_return_pct": 46.495609780902925,
    "total_trades": 41,
    "trades_per_day": null,
    "win_rate_pct": 63.41463414634146,
    "max_drawdown_pct": 17.24282252378549,
    "sharpe_ratio": 0
  },
  "trial_number": 30,
  "timestamp": "2026-02-11T16:02:59.815416"
}