{
  "params": {
    "lookback": 42,
    "squeeze_pctile": 30,
    "atr_mult_long": 6.0,
    "atr_mult_short": 8.25
  },
  "metrics": {
    "optimizer_score": 18996.029325612082,
    "final_value": 18996.029325612082,
    "total_return_pct": 89.96029325612082,
    "total_trades": 68,
    "trades_per_day": null,
    "win_rate_pct": 57.35294117647059,
    "max_drawdown_pct": 18.342397914548336,
    "sharpe_ratio": 0
  },
  "trial_number": 17,
  "timestamp": "2026-03-13T00:50:37.890919"
}