{
  "params": {
    "trend_lookback": 2,
    "approach_pct": 0.5,
    "target_buffer_pct": 5.0,
    "rr_ratio": 2.5,
    "min_range_pct": 1.5,
    "cooldown_bars": 11,
    "position_pct": 0.94
  },
  "metrics": {
    "final_value": 24995.87944343498,
    "total_return_pct": 149.9587944343498,
    "total_trades": 58,
    "win_rate_pct": 63.793103448275865,
    "max_drawdown_pct": 14.707936001280725,
    "sharpe_ratio": 0
  },
  "trial_number": 79,
  "timestamp": "2026-01-31T14:15:50.646299"
}