{
  "params": {
    "channel_period": 78,
    "atr_trail_mult": 6.25
  },
  "metrics": {
    "optimizer_score": 39390.18776652593,
    "final_value": 39390.18776652593,
    "total_return_pct": 293.90187766525935,
    "total_trades": 260,
    "trades_per_day": null,
    "win_rate_pct": 38.46153846153847,
    "max_drawdown_pct": 82.71894553960712,
    "sharpe_ratio": 0
  },
  "trial_number": 286,
  "timestamp": "2026-02-08T20:36:41.306470"
}